,BIC,n_clusters
diagonal,51387.58674406324,4.0
spherical,30593.655401498338,4.0
